file,line,highlighted_element,offset,length,module,problem_class,entry_point,description
C:\Users\zyt\Documents\GitHub Repositories\codeclf\codeclf.py,192,"file_path, lineno, text",0,0,,"{'name': '8_2', 'severity': '', 'inspection_name': '8_2', 'attribute_key': ''}","{'TYPE': '', 'FQNAME': ''}",Do not use comment lines to make the code invalid.
C:\Users\zyt\Documents\GitHub Repositories\codeclf\codeclf.py,218,if len(tuple_list) <= 0:,0,0,,"{'name': '8_2', 'severity': '', 'inspection_name': '8_2', 'attribute_key': ''}","{'TYPE': '', 'FQNAME': ''}",Do not use comment lines to make the code invalid.
C:\Users\zyt\Documents\GitHub Repositories\codeclf\codeclf.py,219,"print(""1:no warning code"")",0,0,,"{'name': '8_2', 'severity': '', 'inspection_name': '8_2', 'attribute_key': ''}","{'TYPE': '', 'FQNAME': ''}",Do not use comment lines to make the code invalid.
C:\Users\zyt\Documents\GitHub Repositories\codeclf\codeclf.py,224,sharps = [x.get('highlighted_element') for x in tuple_list],0,0,,"{'name': '8_2', 'severity': '', 'inspection_name': '8_2', 'attribute_key': ''}","{'TYPE': '', 'FQNAME': ''}",Do not use comment lines to make the code invalid.
C:\Users\zyt\Documents\GitHub Repositories\codeclf\codeclf.py,225,"sharp_inputs, sharp_inputs_index = self.fromTextToTokenInputAndIndex(sharps)",0,0,,"{'name': '8_2', 'severity': '', 'inspection_name': '8_2', 'attribute_key': ''}","{'TYPE': '', 'FQNAME': ''}",Do not use comment lines to make the code invalid.
C:\Users\zyt\Documents\GitHub Repositories\codeclf\codeclf.py,226,predict_label = self.lstm_model_token.predict_classes(sharp_inputs),0,0,,"{'name': '8_2', 'severity': '', 'inspection_name': '8_2', 'attribute_key': ''}","{'TYPE': '', 'FQNAME': ''}",Do not use comment lines to make the code invalid.
C:\Users\zyt\Documents\GitHub Repositories\codeclf\codeclf.py,227,"predict_label = (self.lstm_model_token.predict(sharp_inputs) > 0.5).astype(""int32"")",0,0,,"{'name': '8_2', 'severity': '', 'inspection_name': '8_2', 'attribute_key': ''}","{'TYPE': '', 'FQNAME': ''}",Do not use comment lines to make the code invalid.
C:\Users\zyt\Documents\GitHub Repositories\codeclf\codeclf.py,228,code_item_token = [],0,0,,"{'name': '8_2', 'severity': '', 'inspection_name': '8_2', 'attribute_key': ''}","{'TYPE': '', 'FQNAME': ''}",Do not use comment lines to make the code invalid.
C:\Users\zyt\Documents\GitHub Repositories\codeclf\codeclf.py,230,for lineno in np.asarray(sharp_inputs_index)[tuple(mask)]:,0,0,,"{'name': '8_2', 'severity': '', 'inspection_name': '8_2', 'attribute_key': ''}","{'TYPE': '', 'FQNAME': ''}",Do not use comment lines to make the code invalid.
C:\Users\zyt\Documents\GitHub Repositories\codeclf\codeclf.py,231,code_item_token.append(tuple_list[lineno]),0,0,,"{'name': '8_2', 'severity': '', 'inspection_name': '8_2', 'attribute_key': ''}","{'TYPE': '', 'FQNAME': ''}",Do not use comment lines to make the code invalid.
C:\Users\zyt\Documents\GitHub Repositories\codeclf\codeclf.py,234,if len(code_item) <= 0:,0,0,,"{'name': '8_2', 'severity': '', 'inspection_name': '8_2', 'attribute_key': ''}","{'TYPE': '', 'FQNAME': ''}",Do not use comment lines to make the code invalid.
C:\Users\zyt\Documents\GitHub Repositories\codeclf\codeclf.py,235,"print(""2:no warning code"")",0,0,,"{'name': '8_2', 'severity': '', 'inspection_name': '8_2', 'attribute_key': ''}","{'TYPE': '', 'FQNAME': ''}",Do not use comment lines to make the code invalid.
C:\Users\zyt\Documents\GitHub Repositories\codeclf\codeclf.py,239,tuple_list = code_item,0,0,,"{'name': '8_2', 'severity': '', 'inspection_name': '8_2', 'attribute_key': ''}","{'TYPE': '', 'FQNAME': ''}",Do not use comment lines to make the code invalid.
C:\Users\zyt\Documents\GitHub Repositories\codeclf\codeclf.py,243,predict_label = self.lstm_model_character.predict_classes(sharp_inputs),0,0,,"{'name': '8_2', 'severity': '', 'inspection_name': '8_2', 'attribute_key': ''}","{'TYPE': '', 'FQNAME': ''}",Do not use comment lines to make the code invalid.
C:\Users\zyt\Documents\GitHub Repositories\codeclf\codeclf.py,251,if len(code_item) <= 0:,0,0,,"{'name': '8_2', 'severity': '', 'inspection_name': '8_2', 'attribute_key': ''}","{'TYPE': '', 'FQNAME': ''}",Do not use comment lines to make the code invalid.
C:\Users\zyt\Documents\GitHub Repositories\codeclf\codeclf.py,252,"print(""3:no text"")",0,0,,"{'name': '8_2', 'severity': '', 'inspection_name': '8_2', 'attribute_key': ''}","{'TYPE': '', 'FQNAME': ''}",Do not use comment lines to make the code invalid.
C:\Users\zyt\Documents\GitHub Repositories\codeclf\codeclf.py,256,for item in code_item_char:,0,0,,"{'name': '8_2', 'severity': '', 'inspection_name': '8_2', 'attribute_key': ''}","{'TYPE': '', 'FQNAME': ''}",Do not use comment lines to make the code invalid.
C:\Users\zyt\Documents\GitHub Repositories\codeclf\codeclf.py,257,for item2 in code_item_token:,0,0,,"{'name': '8_2', 'severity': '', 'inspection_name': '8_2', 'attribute_key': ''}","{'TYPE': '', 'FQNAME': ''}",Do not use comment lines to make the code invalid.
C:\Users\zyt\Documents\GitHub Repositories\codeclf\codeclf.py,258,if item.get('highlighted_element') == item2.get('highlighted_element'):,0,0,,"{'name': '8_2', 'severity': '', 'inspection_name': '8_2', 'attribute_key': ''}","{'TYPE': '', 'FQNAME': ''}",Do not use comment lines to make the code invalid.
C:\Users\zyt\Documents\GitHub Repositories\codeclf\codeclf.py,259,break,0,0,,"{'name': '8_2', 'severity': '', 'inspection_name': '8_2', 'attribute_key': ''}","{'TYPE': '', 'FQNAME': ''}",Do not use comment lines to make the code invalid.
C:\Users\zyt\Documents\GitHub Repositories\codeclf\codeclf.py,260,else:,0,0,,"{'name': '8_2', 'severity': '', 'inspection_name': '8_2', 'attribute_key': ''}","{'TYPE': '', 'FQNAME': ''}",Do not use comment lines to make the code invalid.
C:\Users\zyt\Documents\GitHub Repositories\codeclf\codeclf.py,262,code_item.append(item),0,0,,"{'name': '8_2', 'severity': '', 'inspection_name': '8_2', 'attribute_key': ''}","{'TYPE': '', 'FQNAME': ''}",Do not use comment lines to make the code invalid.
C:\Users\zyt\Documents\GitHub Repositories\codeclf\codeclf.py,265,code_item = list(set(code_item_token).union(set(code_item_char))),0,0,,"{'name': '8_2', 'severity': '', 'inspection_name': '8_2', 'attribute_key': ''}","{'TYPE': '', 'FQNAME': ''}",Do not use comment lines to make the code invalid.
C:\Users\zyt\Documents\GitHub Repositories\codeclf\testfile.py,6,def print_hi(name):,0,0,,"{'name': '8_2', 'severity': '', 'inspection_name': '8_2', 'attribute_key': ''}","{'TYPE': '', 'FQNAME': ''}",Do not use comment lines to make the code invalid.
C:\Users\zyt\Documents\GitHub Repositories\codeclf\testfile.py,17,import tokenize,0,0,,"{'name': '8_2', 'severity': '', 'inspection_name': '8_2', 'attribute_key': ''}","{'TYPE': '', 'FQNAME': ''}",Do not use comment lines to make the code invalid.
C:\Users\zyt\Documents\GitHub Repositories\codeclf\testfile.py,19,import os,0,0,,"{'name': '8_2', 'severity': '', 'inspection_name': '8_2', 'attribute_key': ''}","{'TYPE': '', 'FQNAME': ''}",Do not use comment lines to make the code invalid.
C:\Users\zyt\Documents\GitHub Repositories\codeclf\testfile.py,20,import json,0,0,,"{'name': '8_2', 'severity': '', 'inspection_name': '8_2', 'attribute_key': ''}","{'TYPE': '', 'FQNAME': ''}",Do not use comment lines to make the code invalid.
C:\Users\zyt\Documents\GitHub Repositories\codeclf\testfile.py,21,import argparse,0,0,,"{'name': '8_2', 'severity': '', 'inspection_name': '8_2', 'attribute_key': ''}","{'TYPE': '', 'FQNAME': ''}",Do not use comment lines to make the code invalid.
C:\Users\zyt\Documents\GitHub Repositories\codeclf\testfile.py,24,from tensorflow.keras.preprocessing import sequence,0,0,,"{'name': '8_2', 'severity': '', 'inspection_name': '8_2', 'attribute_key': ''}","{'TYPE': '', 'FQNAME': ''}",Do not use comment lines to make the code invalid.
C:\Users\zyt\Documents\GitHub Repositories\codeclf\testfile.py,26,from functools import wraps,0,0,,"{'name': '8_2', 'severity': '', 'inspection_name': '8_2', 'attribute_key': ''}","{'TYPE': '', 'FQNAME': ''}",Do not use comment lines to make the code invalid.
C:\Users\zyt\Documents\GitHub Repositories\codeclf\testfile.py,29,def timethis(func):,0,0,,"{'name': '8_2', 'severity': '', 'inspection_name': '8_2', 'attribute_key': ''}","{'TYPE': '', 'FQNAME': ''}",Do not use comment lines to make the code invalid.
C:\Users\zyt\Documents\GitHub Repositories\codeclf\testfile.py,30,@wraps(func),0,0,,"{'name': '8_2', 'severity': '', 'inspection_name': '8_2', 'attribute_key': ''}","{'TYPE': '', 'FQNAME': ''}",Do not use comment lines to make the code invalid.
C:\Users\zyt\Documents\GitHub Repositories\codeclf\testfile.py,31,"def wrapper(*args, **kwargs):",0,0,,"{'name': '8_2', 'severity': '', 'inspection_name': '8_2', 'attribute_key': ''}","{'TYPE': '', 'FQNAME': ''}",Do not use comment lines to make the code invalid.
C:\Users\zyt\Documents\GitHub Repositories\codeclf\testfile.py,32,start = time.process_time(),0,0,,"{'name': '8_2', 'severity': '', 'inspection_name': '8_2', 'attribute_key': ''}","{'TYPE': '', 'FQNAME': ''}",Do not use comment lines to make the code invalid.
C:\Users\zyt\Documents\GitHub Repositories\codeclf\testfile.py,33,"r = func(*args, **kwargs)",0,0,,"{'name': '8_2', 'severity': '', 'inspection_name': '8_2', 'attribute_key': ''}","{'TYPE': '', 'FQNAME': ''}",Do not use comment lines to make the code invalid.
C:\Users\zyt\Documents\GitHub Repositories\codeclf\testfile.py,34,end = time.process_time(),0,0,,"{'name': '8_2', 'severity': '', 'inspection_name': '8_2', 'attribute_key': ''}","{'TYPE': '', 'FQNAME': ''}",Do not use comment lines to make the code invalid.
C:\Users\zyt\Documents\GitHub Repositories\codeclf\testfile.py,35,"print('{}.{} : {}'.format(func.__module__, func.__name__, end - start))",0,0,,"{'name': '8_2', 'severity': '', 'inspection_name': '8_2', 'attribute_key': ''}","{'TYPE': '', 'FQNAME': ''}",Do not use comment lines to make the code invalid.
C:\Users\zyt\Documents\GitHub Repositories\codeclf\testfile.py,36,return r,0,0,,"{'name': '8_2', 'severity': '', 'inspection_name': '8_2', 'attribute_key': ''}","{'TYPE': '', 'FQNAME': ''}",Do not use comment lines to make the code invalid.
C:\Users\zyt\Documents\GitHub Repositories\codeclf\testfile.py,38,return wrapper,0,0,,"{'name': '8_2', 'severity': '', 'inspection_name': '8_2', 'attribute_key': ''}","{'TYPE': '', 'FQNAME': ''}",Do not use comment lines to make the code invalid.
C:\Users\zyt\Documents\GitHub Repositories\codeclf\testfile.py,41,def createGenerator(data):,0,0,,"{'name': '8_2', 'severity': '', 'inspection_name': '8_2', 'attribute_key': ''}","{'TYPE': '', 'FQNAME': ''}",Do not use comment lines to make the code invalid.
C:\Users\zyt\Documents\GitHub Repositories\codeclf\testfile.py,43,def Generator():,0,0,,"{'name': '8_2', 'severity': '', 'inspection_name': '8_2', 'attribute_key': ''}","{'TYPE': '', 'FQNAME': ''}",Do not use comment lines to make the code invalid.
C:\Users\zyt\Documents\GitHub Repositories\codeclf\testfile.py,44,for elem in data:,0,0,,"{'name': '8_2', 'severity': '', 'inspection_name': '8_2', 'attribute_key': ''}","{'TYPE': '', 'FQNAME': ''}",Do not use comment lines to make the code invalid.
C:\Users\zyt\Documents\GitHub Repositories\codeclf\testfile.py,45,try:,0,0,,"{'name': '8_2', 'severity': '', 'inspection_name': '8_2', 'attribute_key': ''}","{'TYPE': '', 'FQNAME': ''}",Do not use comment lines to make the code invalid.
C:\Users\zyt\Documents\GitHub Repositories\codeclf\testfile.py,46,yield str.encode(elem),0,0,,"{'name': '8_2', 'severity': '', 'inspection_name': '8_2', 'attribute_key': ''}","{'TYPE': '', 'FQNAME': ''}",Do not use comment lines to make the code invalid.
C:\Users\zyt\Documents\GitHub Repositories\codeclf\testfile.py,47,except:,0,0,,"{'name': '8_2', 'severity': '', 'inspection_name': '8_2', 'attribute_key': ''}","{'TYPE': '', 'FQNAME': ''}",Do not use comment lines to make the code invalid.
C:\Users\zyt\Documents\GitHub Repositories\codeclf\testfile.py,48,yield str.encode(''),0,0,,"{'name': '8_2', 'severity': '', 'inspection_name': '8_2', 'attribute_key': ''}","{'TYPE': '', 'FQNAME': ''}",Do not use comment lines to make the code invalid.
C:\Users\zyt\Documents\GitHub Repositories\codeclf\testfile.py,52,def g_fn():,0,0,,"{'name': '8_2', 'severity': '', 'inspection_name': '8_2', 'attribute_key': ''}","{'TYPE': '', 'FQNAME': ''}",Do not use comment lines to make the code invalid.
C:\Users\zyt\Documents\GitHub Repositories\codeclf\testfile.py,53,return next(g),0,0,,"{'name': '8_2', 'severity': '', 'inspection_name': '8_2', 'attribute_key': ''}","{'TYPE': '', 'FQNAME': ''}",Do not use comment lines to make the code invalid.
C:\Users\zyt\Documents\GitHub Repositories\codeclf\testfile.py,58,class Classifier(object):,0,0,,"{'name': '8_2', 'severity': '', 'inspection_name': '8_2', 'attribute_key': ''}","{'TYPE': '', 'FQNAME': ''}",Do not use comment lines to make the code invalid.
C:\Users\zyt\Documents\GitHub Repositories\codeclf\testfile.py,59,"def __init__(self,",0,0,,"{'name': '8_2', 'severity': '', 'inspection_name': '8_2', 'attribute_key': ''}","{'TYPE': '', 'FQNAME': ''}",Do not use comment lines to make the code invalid.
C:\Users\zyt\Documents\GitHub Repositories\codeclf\testfile.py,60,"root_path,",0,0,,"{'name': '8_2', 'severity': '', 'inspection_name': '8_2', 'attribute_key': ''}","{'TYPE': '', 'FQNAME': ''}",Do not use comment lines to make the code invalid.
C:\Users\zyt\Documents\GitHub Repositories\codeclf\testfile.py,61,"model_charactor_path,",0,0,,"{'name': '8_2', 'severity': '', 'inspection_name': '8_2', 'attribute_key': ''}","{'TYPE': '', 'FQNAME': ''}",Do not use comment lines to make the code invalid.
C:\Users\zyt\Documents\GitHub Repositories\codeclf\testfile.py,62,"model_token_path,",0,0,,"{'name': '8_2', 'severity': '', 'inspection_name': '8_2', 'attribute_key': ''}","{'TYPE': '', 'FQNAME': ''}",Do not use comment lines to make the code invalid.
C:\Users\zyt\Documents\GitHub Repositories\codeclf\testfile.py,63,"vocab_path,",0,0,,"{'name': '8_2', 'severity': '', 'inspection_name': '8_2', 'attribute_key': ''}","{'TYPE': '', 'FQNAME': ''}",Do not use comment lines to make the code invalid.
C:\Users\zyt\Documents\GitHub Repositories\codeclf\testfile.py,64,"outfile,",0,0,,"{'name': '8_2', 'severity': '', 'inspection_name': '8_2', 'attribute_key': ''}","{'TYPE': '', 'FQNAME': ''}",Do not use comment lines to make the code invalid.
C:\Users\zyt\Documents\GitHub Repositories\codeclf\testfile.py,67,self.model_charactor_path = model_charactor_path,0,0,,"{'name': '8_2', 'severity': '', 'inspection_name': '8_2', 'attribute_key': ''}","{'TYPE': '', 'FQNAME': ''}",Do not use comment lines to make the code invalid.
C:\Users\zyt\Documents\GitHub Repositories\codeclf\testfile.py,68,self.model_token_path = model_token_path,0,0,,"{'name': '8_2', 'severity': '', 'inspection_name': '8_2', 'attribute_key': ''}","{'TYPE': '', 'FQNAME': ''}",Do not use comment lines to make the code invalid.
C:\Users\zyt\Documents\GitHub Repositories\codeclf\testfile.py,69,self.root_path = root_path,0,0,,"{'name': '8_2', 'severity': '', 'inspection_name': '8_2', 'attribute_key': ''}","{'TYPE': '', 'FQNAME': ''}",Do not use comment lines to make the code invalid.
C:\Users\zyt\Documents\GitHub Repositories\codeclf\testfile.py,70,self.vocab_path = vocab_path,0,0,,"{'name': '8_2', 'severity': '', 'inspection_name': '8_2', 'attribute_key': ''}","{'TYPE': '', 'FQNAME': ''}",Do not use comment lines to make the code invalid.
C:\Users\zyt\Documents\GitHub Repositories\codeclf\testfile.py,71,self.outfile = outfile,0,0,,"{'name': '8_2', 'severity': '', 'inspection_name': '8_2', 'attribute_key': ''}","{'TYPE': '', 'FQNAME': ''}",Do not use comment lines to make the code invalid.
C:\Users\zyt\Documents\GitHub Repositories\codeclf\testfile.py,72,self.use_ast = use_ast,0,0,,"{'name': '8_2', 'severity': '', 'inspection_name': '8_2', 'attribute_key': ''}","{'TYPE': '', 'FQNAME': ''}",Do not use comment lines to make the code invalid.
C:\Users\zyt\Documents\GitHub Repositories\codeclf\testfile.py,74,self.load_model(),0,0,,"{'name': '8_2', 'severity': '', 'inspection_name': '8_2', 'attribute_key': ''}","{'TYPE': '', 'FQNAME': ''}",Do not use comment lines to make the code invalid.
C:\Users\zyt\Documents\GitHub Repositories\codeclf\testfile.py,75,self.init_character_dict(),0,0,,"{'name': '8_2', 'severity': '', 'inspection_name': '8_2', 'attribute_key': ''}","{'TYPE': '', 'FQNAME': ''}",Do not use comment lines to make the code invalid.
C:\Users\zyt\Documents\GitHub Repositories\codeclf\testfile.py,76,self.init_token_dict(self.vocab_path),0,0,,"{'name': '8_2', 'severity': '', 'inspection_name': '8_2', 'attribute_key': ''}","{'TYPE': '', 'FQNAME': ''}",Do not use comment lines to make the code invalid.
C:\Users\zyt\Documents\GitHub Repositories\codeclf\testfile.py,78,def init_character_dict(self):,0,0,,"{'name': '8_2', 'severity': '', 'inspection_name': '8_2', 'attribute_key': ''}","{'TYPE': '', 'FQNAME': ''}",Do not use comment lines to make the code invalid.
C:\Users\zyt\Documents\GitHub Repositories\codeclf\testfile.py,82,"self.char_to_int = dict((c, i + 2) for i, c in enumerate(alphabet))",0,0,,"{'name': '8_2', 'severity': '', 'inspection_name': '8_2', 'attribute_key': ''}","{'TYPE': '', 'FQNAME': ''}",Do not use comment lines to make the code invalid.
C:\Users\zyt\Documents\GitHub Repositories\codeclf\testfile.py,83,self.char_to_int['<pad>'] = 0,0,0,,"{'name': '8_2', 'severity': '', 'inspection_name': '8_2', 'attribute_key': ''}","{'TYPE': '', 'FQNAME': ''}",Do not use comment lines to make the code invalid.
C:\Users\zyt\Documents\GitHub Repositories\codeclf\testfile.py,84,self.char_to_int['<unk>'] = 1,0,0,,"{'name': '8_2', 'severity': '', 'inspection_name': '8_2', 'attribute_key': ''}","{'TYPE': '', 'FQNAME': ''}",Do not use comment lines to make the code invalid.
C:\Users\zyt\Documents\GitHub Repositories\codeclf\testfile.py,85,"self.int_to_char = dict((i, c) for c, i in self.char_to_int.items())",0,0,,"{'name': '8_2', 'severity': '', 'inspection_name': '8_2', 'attribute_key': ''}","{'TYPE': '', 'FQNAME': ''}",Do not use comment lines to make the code invalid.
C:\Users\zyt\Documents\GitHub Repositories\codeclf\testfile.py,87,"def init_token_dict(self, vocab_path):",0,0,,"{'name': '8_2', 'severity': '', 'inspection_name': '8_2', 'attribute_key': ''}","{'TYPE': '', 'FQNAME': ''}",Do not use comment lines to make the code invalid.
C:\Users\zyt\Documents\GitHub Repositories\codeclf\testfile.py,88,vocab = [],0,0,,"{'name': '8_2', 'severity': '', 'inspection_name': '8_2', 'attribute_key': ''}","{'TYPE': '', 'FQNAME': ''}",Do not use comment lines to make the code invalid.
C:\Users\zyt\Documents\GitHub Repositories\codeclf\testfile.py,89,"with open(vocab_path, 'r', encoding='utf8') as f:",0,0,,"{'name': '8_2', 'severity': '', 'inspection_name': '8_2', 'attribute_key': ''}","{'TYPE': '', 'FQNAME': ''}",Do not use comment lines to make the code invalid.
C:\Users\zyt\Documents\GitHub Repositories\codeclf\testfile.py,90,for line in f:,0,0,,"{'name': '8_2', 'severity': '', 'inspection_name': '8_2', 'attribute_key': ''}","{'TYPE': '', 'FQNAME': ''}",Do not use comment lines to make the code invalid.
C:\Users\zyt\Documents\GitHub Repositories\codeclf\testfile.py,91,vocab.append(line.rstrip('\n')),0,0,,"{'name': '8_2', 'severity': '', 'inspection_name': '8_2', 'attribute_key': ''}","{'TYPE': '', 'FQNAME': ''}",Do not use comment lines to make the code invalid.
C:\Users\zyt\Documents\GitHub Repositories\codeclf\testfile.py,92,"self.token_2_id = {row: index + 8 for index, row in enumerate(vocab)}",0,0,,"{'name': '8_2', 'severity': '', 'inspection_name': '8_2', 'attribute_key': ''}","{'TYPE': '', 'FQNAME': ''}",Do not use comment lines to make the code invalid.
C:\Users\zyt\Documents\GitHub Repositories\codeclf\testfile.py,93,self.token_2_id['<PAD>'] = 0,0,0,,"{'name': '8_2', 'severity': '', 'inspection_name': '8_2', 'attribute_key': ''}","{'TYPE': '', 'FQNAME': ''}",Do not use comment lines to make the code invalid.
C:\Users\zyt\Documents\GitHub Repositories\codeclf\testfile.py,94,self.token_2_id['<UNK>'] = 1,0,0,,"{'name': '8_2', 'severity': '', 'inspection_name': '8_2', 'attribute_key': ''}","{'TYPE': '', 'FQNAME': ''}",Do not use comment lines to make the code invalid.
C:\Users\zyt\Documents\GitHub Repositories\codeclf\testfile.py,95,self.token_2_id['<ID>'] = 2,0,0,,"{'name': '8_2', 'severity': '', 'inspection_name': '8_2', 'attribute_key': ''}","{'TYPE': '', 'FQNAME': ''}",Do not use comment lines to make the code invalid.
C:\Users\zyt\Documents\GitHub Repositories\codeclf\testfile.py,96,self.token_2_id['<PUN>'] = 3,0,0,,"{'name': '8_2', 'severity': '', 'inspection_name': '8_2', 'attribute_key': ''}","{'TYPE': '', 'FQNAME': ''}",Do not use comment lines to make the code invalid.
C:\Users\zyt\Documents\GitHub Repositories\codeclf\testfile.py,97,self.token_2_id['<NUM>'] = 4,0,0,,"{'name': '8_2', 'severity': '', 'inspection_name': '8_2', 'attribute_key': ''}","{'TYPE': '', 'FQNAME': ''}",Do not use comment lines to make the code invalid.
C:\Users\zyt\Documents\GitHub Repositories\codeclf\testfile.py,98,self.token_2_id['<STR>'] = 5,0,0,,"{'name': '8_2', 'severity': '', 'inspection_name': '8_2', 'attribute_key': ''}","{'TYPE': '', 'FQNAME': ''}",Do not use comment lines to make the code invalid.
C:\Users\zyt\Documents\GitHub Repositories\codeclf\testfile.py,99,self.token_2_id['<SPE>'] = 6,0,0,,"{'name': '8_2', 'severity': '', 'inspection_name': '8_2', 'attribute_key': ''}","{'TYPE': '', 'FQNAME': ''}",Do not use comment lines to make the code invalid.
C:\Users\zyt\Documents\GitHub Repositories\codeclf\testfile.py,100,self.token_2_id['<COM>'] = 7,0,0,,"{'name': '8_2', 'severity': '', 'inspection_name': '8_2', 'attribute_key': ''}","{'TYPE': '', 'FQNAME': ''}",Do not use comment lines to make the code invalid.
C:\Users\zyt\Documents\GitHub Repositories\codeclf\testfile.py,101,"self.id_2_token = {v: k for k, v in self.token_2_id.items()}",0,0,,"{'name': '8_2', 'severity': '', 'inspection_name': '8_2', 'attribute_key': ''}","{'TYPE': '', 'FQNAME': ''}",Do not use comment lines to make the code invalid.
C:\Users\zyt\Documents\GitHub Repositories\codeclf\testfile.py,105,self.token_2_id.get(tokval)) if tokval in self.token_2_id.keys() else tokens.append(,0,0,,"{'name': '8_2', 'severity': '', 'inspection_name': '8_2', 'attribute_key': ''}","{'TYPE': '', 'FQNAME': ''}",Do not use comment lines to make the code invalid.
C:\Users\zyt\Documents\GitHub Repositories\codeclf\testfile.py,106,"self.token_2_id.get('<ID>')),",0,0,,"{'name': '8_2', 'severity': '', 'inspection_name': '8_2', 'attribute_key': ''}","{'TYPE': '', 'FQNAME': ''}",Do not use comment lines to make the code invalid.
C:\Users\zyt\Documents\GitHub Repositories\codeclf\testfile.py,107,"2: lambda tokens, tokval: tokens.append(self.token_2_id.get('<NUM>')),",0,0,,"{'name': '8_2', 'severity': '', 'inspection_name': '8_2', 'attribute_key': ''}","{'TYPE': '', 'FQNAME': ''}",Do not use comment lines to make the code invalid.
C:\Users\zyt\Documents\GitHub Repositories\codeclf\testfile.py,108,"3: lambda tokens, tokval: tokens.append(self.token_2_id.get('<STR>')),",0,0,,"{'name': '8_2', 'severity': '', 'inspection_name': '8_2', 'attribute_key': ''}","{'TYPE': '', 'FQNAME': ''}",Do not use comment lines to make the code invalid.
C:\Users\zyt\Documents\GitHub Repositories\codeclf\testfile.py,109,"53: lambda tokens, tokval: tokens.append(",0,0,,"{'name': '8_2', 'severity': '', 'inspection_name': '8_2', 'attribute_key': ''}","{'TYPE': '', 'FQNAME': ''}",Do not use comment lines to make the code invalid.
C:\Users\zyt\Documents\GitHub Repositories\codeclf\testfile.py,110,self.token_2_id.get(tokval)) if tokval in self.token_2_id.keys() else tokens.append(,0,0,,"{'name': '8_2', 'severity': '', 'inspection_name': '8_2', 'attribute_key': ''}","{'TYPE': '', 'FQNAME': ''}",Do not use comment lines to make the code invalid.
C:\Users\zyt\Documents\GitHub Repositories\codeclf\testfile.py,111,"self.token_2_id.get('<PUN>')),",0,0,,"{'name': '8_2', 'severity': '', 'inspection_name': '8_2', 'attribute_key': ''}","{'TYPE': '', 'FQNAME': ''}",Do not use comment lines to make the code invalid.
C:\Users\zyt\Documents\GitHub Repositories\codeclf\testfile.py,112,"56: lambda tokens, tokval: tokens.append(self.token_2_id.get('<SPE>')),",0,0,,"{'name': '8_2', 'severity': '', 'inspection_name': '8_2', 'attribute_key': ''}","{'TYPE': '', 'FQNAME': ''}",Do not use comment lines to make the code invalid.
C:\Users\zyt\Documents\GitHub Repositories\codeclf\testfile.py,113,"57: lambda tokens, tokval: tokens.append(self.token_2_id.get('<COM>'))",0,0,,"{'name': '8_2', 'severity': '', 'inspection_name': '8_2', 'attribute_key': ''}","{'TYPE': '', 'FQNAME': ''}",Do not use comment lines to make the code invalid.
C:\Users\zyt\Documents\GitHub Repositories\codeclf\testfile.py,117,def load_model(self):,0,0,,"{'name': '8_2', 'severity': '', 'inspection_name': '8_2', 'attribute_key': ''}","{'TYPE': '', 'FQNAME': ''}",Do not use comment lines to make the code invalid.
C:\Users\zyt\Documents\GitHub Repositories\codeclf\testfile.py,118,self.lstm_model_character = tf.keras.models.load_model(self.model_charactor_path),0,0,,"{'name': '8_2', 'severity': '', 'inspection_name': '8_2', 'attribute_key': ''}","{'TYPE': '', 'FQNAME': ''}",Do not use comment lines to make the code invalid.
C:\Users\zyt\Documents\GitHub Repositories\codeclf\testfile.py,119,self.lstm_model_token = tf.keras.models.load_model(self.model_token_path),0,0,,"{'name': '8_2', 'severity': '', 'inspection_name': '8_2', 'attribute_key': ''}","{'TYPE': '', 'FQNAME': ''}",Do not use comment lines to make the code invalid.
C:\Users\zyt\Documents\GitHub Repositories\codeclf\testfile.py,121,"def get_pyfile_path(self, root_path):",0,0,,"{'name': '8_2', 'severity': '', 'inspection_name': '8_2', 'attribute_key': ''}","{'TYPE': '', 'FQNAME': ''}",Do not use comment lines to make the code invalid.
C:\Users\zyt\Documents\GitHub Repositories\codeclf\testfile.py,123,pyfiles = [],0,0,,"{'name': '8_2', 'severity': '', 'inspection_name': '8_2', 'attribute_key': ''}","{'TYPE': '', 'FQNAME': ''}",Do not use comment lines to make the code invalid.
C:\Users\zyt\Documents\GitHub Repositories\codeclf\testfile.py,124,"for file_path, _, files in os.walk(root_path):",0,0,,"{'name': '8_2', 'severity': '', 'inspection_name': '8_2', 'attribute_key': ''}","{'TYPE': '', 'FQNAME': ''}",Do not use comment lines to make the code invalid.
C:\Users\zyt\Documents\GitHub Repositories\codeclf\testfile.py,125,for file in files:,0,0,,"{'name': '8_2', 'severity': '', 'inspection_name': '8_2', 'attribute_key': ''}","{'TYPE': '', 'FQNAME': ''}",Do not use comment lines to make the code invalid.
C:\Users\zyt\Documents\GitHub Repositories\codeclf\testfile.py,126,if file.endswith('.py'):,0,0,,"{'name': '8_2', 'severity': '', 'inspection_name': '8_2', 'attribute_key': ''}","{'TYPE': '', 'FQNAME': ''}",Do not use comment lines to make the code invalid.
C:\Users\zyt\Documents\GitHub Repositories\codeclf\testfile.py,127,"pyfiles.append(os.path.join(file_path, file))",0,0,,"{'name': '8_2', 'severity': '', 'inspection_name': '8_2', 'attribute_key': ''}","{'TYPE': '', 'FQNAME': ''}",Do not use comment lines to make the code invalid.
C:\Users\zyt\Documents\GitHub Repositories\codeclf\testfile.py,128,return pyfiles,0,0,,"{'name': '8_2', 'severity': '', 'inspection_name': '8_2', 'attribute_key': ''}","{'TYPE': '', 'FQNAME': ''}",Do not use comment lines to make the code invalid.
C:\Users\zyt\Documents\GitHub Repositories\codeclf\testfile.py,130,"def read_txtfile(self, filename):",0,0,,"{'name': '8_2', 'severity': '', 'inspection_name': '8_2', 'attribute_key': ''}","{'TYPE': '', 'FQNAME': ''}",Do not use comment lines to make the code invalid.
C:\Users\zyt\Documents\GitHub Repositories\codeclf\testfile.py,132,sharps = [],0,0,,"{'name': '8_2', 'severity': '', 'inspection_name': '8_2', 'attribute_key': ''}","{'TYPE': '', 'FQNAME': ''}",Do not use comment lines to make the code invalid.
C:\Users\zyt\Documents\GitHub Repositories\codeclf\testfile.py,133,try:,0,0,,"{'name': '8_2', 'severity': '', 'inspection_name': '8_2', 'attribute_key': ''}","{'TYPE': '', 'FQNAME': ''}",Do not use comment lines to make the code invalid.
C:\Users\zyt\Documents\GitHub Repositories\codeclf\testfile.py,134,"with open(filename, 'r', encoding='utf8') as f:",0,0,,"{'name': '8_2', 'severity': '', 'inspection_name': '8_2', 'attribute_key': ''}","{'TYPE': '', 'FQNAME': ''}",Do not use comment lines to make the code invalid.
C:\Users\zyt\Documents\GitHub Repositories\codeclf\testfile.py,135,for line in f:,0,0,,"{'name': '8_2', 'severity': '', 'inspection_name': '8_2', 'attribute_key': ''}","{'TYPE': '', 'FQNAME': ''}",Do not use comment lines to make the code invalid.
C:\Users\zyt\Documents\GitHub Repositories\codeclf\testfile.py,136,sharps.append(line.strip('\n')),0,0,,"{'name': '8_2', 'severity': '', 'inspection_name': '8_2', 'attribute_key': ''}","{'TYPE': '', 'FQNAME': ''}",Do not use comment lines to make the code invalid.
C:\Users\zyt\Documents\GitHub Repositories\codeclf\testfile.py,137,except UnicodeDecodeError as e:,0,0,,"{'name': '8_2', 'severity': '', 'inspection_name': '8_2', 'attribute_key': ''}","{'TYPE': '', 'FQNAME': ''}",Do not use comment lines to make the code invalid.
C:\Users\zyt\Documents\GitHub Repositories\codeclf\testfile.py,138,pass,0,0,,"{'name': '8_2', 'severity': '', 'inspection_name': '8_2', 'attribute_key': ''}","{'TYPE': '', 'FQNAME': ''}",Do not use comment lines to make the code invalid.
C:\Users\zyt\Documents\GitHub Repositories\codeclf\testfile.py,139,return sharps,0,0,,"{'name': '8_2', 'severity': '', 'inspection_name': '8_2', 'attribute_key': ''}","{'TYPE': '', 'FQNAME': ''}",Do not use comment lines to make the code invalid.
C:\Users\zyt\Documents\GitHub Repositories\codeclf\testfile.py,142,"def gather_sharp_data(self, pyfiles):",0,0,,"{'name': '8_2', 'severity': '', 'inspection_name': '8_2', 'attribute_key': ''}","{'TYPE': '', 'FQNAME': ''}",Do not use comment lines to make the code invalid.
C:\Users\zyt\Documents\GitHub Repositories\codeclf\testfile.py,144,sharp_data = [],0,0,,"{'name': '8_2', 'severity': '', 'inspection_name': '8_2', 'attribute_key': ''}","{'TYPE': '', 'FQNAME': ''}",Do not use comment lines to make the code invalid.
C:\Users\zyt\Documents\GitHub Repositories\codeclf\testfile.py,145,for pyfile in pyfiles:,0,0,,"{'name': '8_2', 'severity': '', 'inspection_name': '8_2', 'attribute_key': ''}","{'TYPE': '', 'FQNAME': ''}",Do not use comment lines to make the code invalid.
C:\Users\zyt\Documents\GitHub Repositories\codeclf\testfile.py,146,pycontent = self.read_txtfile(pyfile),0,0,,"{'name': '8_2', 'severity': '', 'inspection_name': '8_2', 'attribute_key': ''}","{'TYPE': '', 'FQNAME': ''}",Do not use comment lines to make the code invalid.
C:\Users\zyt\Documents\GitHub Repositories\codeclf\testfile.py,147,"for lineno, line in enumerate(pycontent):",0,0,,"{'name': '8_2', 'severity': '', 'inspection_name': '8_2', 'attribute_key': ''}","{'TYPE': '', 'FQNAME': ''}",Do not use comment lines to make the code invalid.
C:\Users\zyt\Documents\GitHub Repositories\codeclf\testfile.py,149,dic = {,0,0,,"{'name': '8_2', 'severity': '', 'inspection_name': '8_2', 'attribute_key': ''}","{'TYPE': '', 'FQNAME': ''}",Do not use comment lines to make the code invalid.
C:\Users\zyt\Documents\GitHub Repositories\codeclf\testfile.py,150,"'file': pyfile,",0,0,,"{'name': '8_2', 'severity': '', 'inspection_name': '8_2', 'attribute_key': ''}","{'TYPE': '', 'FQNAME': ''}",Do not use comment lines to make the code invalid.
C:\Users\zyt\Documents\GitHub Repositories\codeclf\testfile.py,151,"'line': lineno,",0,0,,"{'name': '8_2', 'severity': '', 'inspection_name': '8_2', 'attribute_key': ''}","{'TYPE': '', 'FQNAME': ''}",Do not use comment lines to make the code invalid.
C:\Users\zyt\Documents\GitHub Repositories\codeclf\testfile.py,154,sharp_data.append(dic),0,0,,"{'name': '8_2', 'severity': '', 'inspection_name': '8_2', 'attribute_key': ''}","{'TYPE': '', 'FQNAME': ''}",Do not use comment lines to make the code invalid.
C:\Users\zyt\Documents\GitHub Repositories\codeclf\testfile.py,155,return sharp_data,0,0,,"{'name': '8_2', 'severity': '', 'inspection_name': '8_2', 'attribute_key': ''}","{'TYPE': '', 'FQNAME': ''}",Do not use comment lines to make the code invalid.
C:\Users\zyt\Documents\GitHub Repositories\codeclf\testfile.py,158,"def fromTextToCharacterInputAndIndex(self, text, threshold=3, maxlen=70):",0,0,,"{'name': '8_2', 'severity': '', 'inspection_name': '8_2', 'attribute_key': ''}","{'TYPE': '', 'FQNAME': ''}",Do not use comment lines to make the code invalid.
C:\Users\zyt\Documents\GitHub Repositories\codeclf\testfile.py,163,def check_dict(word):,0,0,,"{'name': '8_2', 'severity': '', 'inspection_name': '8_2', 'attribute_key': ''}","{'TYPE': '', 'FQNAME': ''}",Do not use comment lines to make the code invalid.
C:\Users\zyt\Documents\GitHub Repositories\codeclf\testfile.py,164,if word in self.char_to_int.keys():,0,0,,"{'name': '8_2', 'severity': '', 'inspection_name': '8_2', 'attribute_key': ''}","{'TYPE': '', 'FQNAME': ''}",Do not use comment lines to make the code invalid.
C:\Users\zyt\Documents\GitHub Repositories\codeclf\testfile.py,165,return self.char_to_int.get(word),0,0,,"{'name': '8_2', 'severity': '', 'inspection_name': '8_2', 'attribute_key': ''}","{'TYPE': '', 'FQNAME': ''}",Do not use comment lines to make the code invalid.
C:\Users\zyt\Documents\GitHub Repositories\codeclf\testfile.py,166,return self.char_to_int.get('<unk>'),0,0,,"{'name': '8_2', 'severity': '', 'inspection_name': '8_2', 'attribute_key': ''}","{'TYPE': '', 'FQNAME': ''}",Do not use comment lines to make the code invalid.
C:\Users\zyt\Documents\GitHub Repositories\codeclf\testfile.py,168,Inputs = [],0,0,,"{'name': '8_2', 'severity': '', 'inspection_name': '8_2', 'attribute_key': ''}","{'TYPE': '', 'FQNAME': ''}",Do not use comment lines to make the code invalid.
C:\Users\zyt\Documents\GitHub Repositories\codeclf\testfile.py,169,Index = [],0,0,,"{'name': '8_2', 'severity': '', 'inspection_name': '8_2', 'attribute_key': ''}","{'TYPE': '', 'FQNAME': ''}",Do not use comment lines to make the code invalid.
C:\Users\zyt\Documents\GitHub Repositories\codeclf\testfile.py,170,"for index, row in enumerate(text):",0,0,,"{'name': '8_2', 'severity': '', 'inspection_name': '8_2', 'attribute_key': ''}","{'TYPE': '', 'FQNAME': ''}",Do not use comment lines to make the code invalid.
C:\Users\zyt\Documents\GitHub Repositories\codeclf\testfile.py,171,"char_array = np.asarray(list(row), dtype=str)",0,0,,"{'name': '8_2', 'severity': '', 'inspection_name': '8_2', 'attribute_key': ''}","{'TYPE': '', 'FQNAME': ''}",Do not use comment lines to make the code invalid.
C:\Users\zyt\Documents\GitHub Repositories\codeclf\testfile.py,172,"int_array = np.asarray(list(map(check_dict, char_array)))",0,0,,"{'name': '8_2', 'severity': '', 'inspection_name': '8_2', 'attribute_key': ''}","{'TYPE': '', 'FQNAME': ''}",Do not use comment lines to make the code invalid.
C:\Users\zyt\Documents\GitHub Repositories\codeclf\testfile.py,173,if len(int_array) >= threshold:,0,0,,"{'name': '8_2', 'severity': '', 'inspection_name': '8_2', 'attribute_key': ''}","{'TYPE': '', 'FQNAME': ''}",Do not use comment lines to make the code invalid.
C:\Users\zyt\Documents\GitHub Repositories\codeclf\testfile.py,174,Inputs.append(int_array),0,0,,"{'name': '8_2', 'severity': '', 'inspection_name': '8_2', 'attribute_key': ''}","{'TYPE': '', 'FQNAME': ''}",Do not use comment lines to make the code invalid.
C:\Users\zyt\Documents\GitHub Repositories\codeclf\testfile.py,176,"return sequence.pad_sequences(np.asarray(Inputs), padding='post', value=0, maxlen=maxlen), Index",0,0,,"{'name': '8_2', 'severity': '', 'inspection_name': '8_2', 'attribute_key': ''}","{'TYPE': '', 'FQNAME': ''}",Do not use comment lines to make the code invalid.
C:\Users\zyt\Documents\GitHub Repositories\codeclf\testfile.py,178,"def fromTextToTokenID(self, text):",0,0,,"{'name': '8_2', 'severity': '', 'inspection_name': '8_2', 'attribute_key': ''}","{'TYPE': '', 'FQNAME': ''}",Do not use comment lines to make the code invalid.
C:\Users\zyt\Documents\GitHub Repositories\codeclf\testfile.py,182,data_generator = createGenerator(text),0,0,,"{'name': '8_2', 'severity': '', 'inspection_name': '8_2', 'attribute_key': ''}","{'TYPE': '', 'FQNAME': ''}",Do not use comment lines to make the code invalid.
C:\Users\zyt\Documents\GitHub Repositories\codeclf\testfile.py,183,tokens_iterator = tokenize.tokenize(data_generator),0,0,,"{'name': '8_2', 'severity': '', 'inspection_name': '8_2', 'attribute_key': ''}","{'TYPE': '', 'FQNAME': ''}",Do not use comment lines to make the code invalid.
C:\Users\zyt\Documents\GitHub Repositories\codeclf\testfile.py,184,tokens = [],0,0,,"{'name': '8_2', 'severity': '', 'inspection_name': '8_2', 'attribute_key': ''}","{'TYPE': '', 'FQNAME': ''}",Do not use comment lines to make the code invalid.
C:\Users\zyt\Documents\GitHub Repositories\codeclf\testfile.py,185,try:,0,0,,"{'name': '8_2', 'severity': '', 'inspection_name': '8_2', 'attribute_key': ''}","{'TYPE': '', 'FQNAME': ''}",Do not use comment lines to make the code invalid.
C:\Users\zyt\Documents\GitHub Repositories\codeclf\testfile.py,186,"for toknum, tokval, _, _, _ in tokens_iterator:",0,0,,"{'name': '8_2', 'severity': '', 'inspection_name': '8_2', 'attribute_key': ''}","{'TYPE': '', 'FQNAME': ''}",Do not use comment lines to make the code invalid.
C:\Users\zyt\Documents\GitHub Repositories\codeclf\testfile.py,187,try:,0,0,,"{'name': '8_2', 'severity': '', 'inspection_name': '8_2', 'attribute_key': ''}","{'TYPE': '', 'FQNAME': ''}",Do not use comment lines to make the code invalid.
C:\Users\zyt\Documents\GitHub Repositories\codeclf\testfile.py,188,"self.switch[toknum](tokens, tokval)",0,0,,"{'name': '8_2', 'severity': '', 'inspection_name': '8_2', 'attribute_key': ''}","{'TYPE': '', 'FQNAME': ''}",Do not use comment lines to make the code invalid.
C:\Users\zyt\Documents\GitHub Repositories\codeclf\testfile.py,189,except KeyError as e:,0,0,,"{'name': '8_2', 'severity': '', 'inspection_name': '8_2', 'attribute_key': ''}","{'TYPE': '', 'FQNAME': ''}",Do not use comment lines to make the code invalid.
C:\Users\zyt\Documents\GitHub Repositories\codeclf\testfile.py,190,pass,0,0,,"{'name': '8_2', 'severity': '', 'inspection_name': '8_2', 'attribute_key': ''}","{'TYPE': '', 'FQNAME': ''}",Do not use comment lines to make the code invalid.
C:\Users\zyt\Documents\GitHub Repositories\codeclf\testfile.py,191,except tokenize.TokenError as e:,0,0,,"{'name': '8_2', 'severity': '', 'inspection_name': '8_2', 'attribute_key': ''}","{'TYPE': '', 'FQNAME': ''}",Do not use comment lines to make the code invalid.
C:\Users\zyt\Documents\GitHub Repositories\codeclf\testfile.py,192,pass,0,0,,"{'name': '8_2', 'severity': '', 'inspection_name': '8_2', 'attribute_key': ''}","{'TYPE': '', 'FQNAME': ''}",Do not use comment lines to make the code invalid.
C:\Users\zyt\Documents\GitHub Repositories\codeclf\testfile.py,193,return tokens,0,0,,"{'name': '8_2', 'severity': '', 'inspection_name': '8_2', 'attribute_key': ''}","{'TYPE': '', 'FQNAME': ''}",Do not use comment lines to make the code invalid.
C:\Users\zyt\Documents\GitHub Repositories\codeclf\testfile.py,196,"def fromTextToTokenInputAndIndex(self, text, threshold=3, maxlen=30):",0,0,,"{'name': '8_2', 'severity': '', 'inspection_name': '8_2', 'attribute_key': ''}","{'TYPE': '', 'FQNAME': ''}",Do not use comment lines to make the code invalid.
C:\Users\zyt\Documents\GitHub Repositories\codeclf\testfile.py,200,Inputs = [],0,0,,"{'name': '8_2', 'severity': '', 'inspection_name': '8_2', 'attribute_key': ''}","{'TYPE': '', 'FQNAME': ''}",Do not use comment lines to make the code invalid.
C:\Users\zyt\Documents\GitHub Repositories\codeclf\testfile.py,201,Index = [],0,0,,"{'name': '8_2', 'severity': '', 'inspection_name': '8_2', 'attribute_key': ''}","{'TYPE': '', 'FQNAME': ''}",Do not use comment lines to make the code invalid.
C:\Users\zyt\Documents\GitHub Repositories\codeclf\testfile.py,202,"for index, row in enumerate(text):",0,0,,"{'name': '8_2', 'severity': '', 'inspection_name': '8_2', 'attribute_key': ''}","{'TYPE': '', 'FQNAME': ''}",Do not use comment lines to make the code invalid.
C:\Users\zyt\Documents\GitHub Repositories\codeclf\testfile.py,203,int_array = np.asarray(self.fromTextToTokenID([row])),0,0,,"{'name': '8_2', 'severity': '', 'inspection_name': '8_2', 'attribute_key': ''}","{'TYPE': '', 'FQNAME': ''}",Do not use comment lines to make the code invalid.
C:\Users\zyt\Documents\GitHub Repositories\codeclf\testfile.py,204,if len(int_array) >= threshold:,0,0,,"{'name': '8_2', 'severity': '', 'inspection_name': '8_2', 'attribute_key': ''}","{'TYPE': '', 'FQNAME': ''}",Do not use comment lines to make the code invalid.
C:\Users\zyt\Documents\GitHub Repositories\codeclf\testfile.py,206,Inputs.append(int_array),0,0,,"{'name': '8_2', 'severity': '', 'inspection_name': '8_2', 'attribute_key': ''}","{'TYPE': '', 'FQNAME': ''}",Do not use comment lines to make the code invalid.
C:\Users\zyt\Documents\GitHub Repositories\codeclf\testfile.py,207,"return sequence.pad_sequences(np.asarray(Inputs), padding='post', value=0, maxlen=maxlen), Index",0,0,,"{'name': '8_2', 'severity': '', 'inspection_name': '8_2', 'attribute_key': ''}","{'TYPE': '', 'FQNAME': ''}",Do not use comment lines to make the code invalid.
C:\Users\zyt\Documents\GitHub Repositories\codeclf\testfile.py,210,"def reduce_sharpset_by_ast(self, tuple_list):",0,0,,"{'name': '8_2', 'severity': '', 'inspection_name': '8_2', 'attribute_key': ''}","{'TYPE': '', 'FQNAME': ''}",Do not use comment lines to make the code invalid.
C:\Users\zyt\Documents\GitHub Repositories\codeclf\testfile.py,212,reduced_set = [],0,0,,"{'name': '8_2', 'severity': '', 'inspection_name': '8_2', 'attribute_key': ''}","{'TYPE': '', 'FQNAME': ''}",Do not use comment lines to make the code invalid.
C:\Users\zyt\Documents\GitHub Repositories\codeclf\testfile.py,213,for item in tuple_list:,0,0,,"{'name': '8_2', 'severity': '', 'inspection_name': '8_2', 'attribute_key': ''}","{'TYPE': '', 'FQNAME': ''}",Do not use comment lines to make the code invalid.
C:\Users\zyt\Documents\GitHub Repositories\codeclf\testfile.py,214,try:,0,0,,"{'name': '8_2', 'severity': '', 'inspection_name': '8_2', 'attribute_key': ''}","{'TYPE': '', 'FQNAME': ''}",Do not use comment lines to make the code invalid.
C:\Users\zyt\Documents\GitHub Repositories\codeclf\testfile.py,215,"file_path, lineno, text",0,0,,"{'name': '8_2', 'severity': '', 'inspection_name': '8_2', 'attribute_key': ''}","{'TYPE': '', 'FQNAME': ''}",Do not use comment lines to make the code invalid.
C:\Users\zyt\Documents\GitHub Repositories\codeclf\testfile.py,217,reduced_set.append(item),0,0,,"{'name': '8_2', 'severity': '', 'inspection_name': '8_2', 'attribute_key': ''}","{'TYPE': '', 'FQNAME': ''}",Do not use comment lines to make the code invalid.
C:\Users\zyt\Documents\GitHub Repositories\codeclf\testfile.py,218,except:,0,0,,"{'name': '8_2', 'severity': '', 'inspection_name': '8_2', 'attribute_key': ''}","{'TYPE': '', 'FQNAME': ''}",Do not use comment lines to make the code invalid.
C:\Users\zyt\Documents\GitHub Repositories\codeclf\testfile.py,220,return reduced_set,0,0,,"{'name': '8_2', 'severity': '', 'inspection_name': '8_2', 'attribute_key': ''}","{'TYPE': '', 'FQNAME': ''}",Do not use comment lines to make the code invalid.
C:\Users\zyt\Documents\GitHub Repositories\codeclf\testfile.py,222,def classify(self):,0,0,,"{'name': '8_2', 'severity': '', 'inspection_name': '8_2', 'attribute_key': ''}","{'TYPE': '', 'FQNAME': ''}",Do not use comment lines to make the code invalid.
C:\Users\zyt\Documents\GitHub Repositories\codeclf\testfile.py,225,tuple_list = self.gather_sharp_data(self.get_pyfile_path(self.root_path)),0,0,,"{'name': '8_2', 'severity': '', 'inspection_name': '8_2', 'attribute_key': ''}","{'TYPE': '', 'FQNAME': ''}",Do not use comment lines to make the code invalid.
C:\Users\zyt\Documents\GitHub Repositories\codeclf\testfile.py,226,"print(""all testing comment number: "", len(tuple_list))",0,0,,"{'name': '8_2', 'severity': '', 'inspection_name': '8_2', 'attribute_key': ''}","{'TYPE': '', 'FQNAME': ''}",Do not use comment lines to make the code invalid.
C:\Users\zyt\Documents\GitHub Repositories\codeclf\testfile.py,228,if self.use_ast == 'yes':,0,0,,"{'name': '8_2', 'severity': '', 'inspection_name': '8_2', 'attribute_key': ''}","{'TYPE': '', 'FQNAME': ''}",Do not use comment lines to make the code invalid.
C:\Users\zyt\Documents\GitHub Repositories\codeclf\testfile.py,229,tuple_list = self.reduce_sharpset_by_ast(tuple_list),0,0,,"{'name': '8_2', 'severity': '', 'inspection_name': '8_2', 'attribute_key': ''}","{'TYPE': '', 'FQNAME': ''}",Do not use comment lines to make the code invalid.
C:\Users\zyt\Documents\GitHub Repositories\codeclf\testfile.py,230,if len(tuple_list) <= 0:,0,0,,"{'name': '8_2', 'severity': '', 'inspection_name': '8_2', 'attribute_key': ''}","{'TYPE': '', 'FQNAME': ''}",Do not use comment lines to make the code invalid.
C:\Users\zyt\Documents\GitHub Repositories\codeclf\testfile.py,231,"print(""1:no warning code"")",0,0,,"{'name': '8_2', 'severity': '', 'inspection_name': '8_2', 'attribute_key': ''}","{'TYPE': '', 'FQNAME': ''}",Do not use comment lines to make the code invalid.
C:\Users\zyt\Documents\GitHub Repositories\codeclf\testfile.py,235,sharps = [x.get('highlighted_element') for x in tuple_list],0,0,,"{'name': '8_2', 'severity': '', 'inspection_name': '8_2', 'attribute_key': ''}","{'TYPE': '', 'FQNAME': ''}",Do not use comment lines to make the code invalid.
C:\Users\zyt\Documents\GitHub Repositories\codeclf\testfile.py,236,"sharp_inputs, sharp_inputs_index = self.fromTextToTokenInputAndIndex(sharps)",0,0,,"{'name': '8_2', 'severity': '', 'inspection_name': '8_2', 'attribute_key': ''}","{'TYPE': '', 'FQNAME': ''}",Do not use comment lines to make the code invalid.
C:\Users\zyt\Documents\GitHub Repositories\codeclf\testfile.py,237,predict_label = self.lstm_model_token.predict_classes(sharp_inputs),0,0,,"{'name': '8_2', 'severity': '', 'inspection_name': '8_2', 'attribute_key': ''}","{'TYPE': '', 'FQNAME': ''}",Do not use comment lines to make the code invalid.
C:\Users\zyt\Documents\GitHub Repositories\codeclf\testfile.py,238,"predict_label = (self.lstm_model_token.predict(sharp_inputs) > 0.5).astype(""int32"")",0,0,,"{'name': '8_2', 'severity': '', 'inspection_name': '8_2', 'attribute_key': ''}","{'TYPE': '', 'FQNAME': ''}",Do not use comment lines to make the code invalid.
C:\Users\zyt\Documents\GitHub Repositories\codeclf\testfile.py,239,code_item = [],0,0,,"{'name': '8_2', 'severity': '', 'inspection_name': '8_2', 'attribute_key': ''}","{'TYPE': '', 'FQNAME': ''}",Do not use comment lines to make the code invalid.
C:\Users\zyt\Documents\GitHub Repositories\codeclf\testfile.py,241,for lineno in np.asarray(sharp_inputs_index)[tuple(mask)]:,0,0,,"{'name': '8_2', 'severity': '', 'inspection_name': '8_2', 'attribute_key': ''}","{'TYPE': '', 'FQNAME': ''}",Do not use comment lines to make the code invalid.
C:\Users\zyt\Documents\GitHub Repositories\codeclf\testfile.py,242,code_item.append(tuple_list[lineno]),0,0,,"{'name': '8_2', 'severity': '', 'inspection_name': '8_2', 'attribute_key': ''}","{'TYPE': '', 'FQNAME': ''}",Do not use comment lines to make the code invalid.
C:\Users\zyt\Documents\GitHub Repositories\codeclf\testfile.py,243,if len(code_item) <= 0:,0,0,,"{'name': '8_2', 'severity': '', 'inspection_name': '8_2', 'attribute_key': ''}","{'TYPE': '', 'FQNAME': ''}",Do not use comment lines to make the code invalid.
C:\Users\zyt\Documents\GitHub Repositories\codeclf\testfile.py,244,"print(""2:no warning code"")",0,0,,"{'name': '8_2', 'severity': '', 'inspection_name': '8_2', 'attribute_key': ''}","{'TYPE': '', 'FQNAME': ''}",Do not use comment lines to make the code invalid.
C:\Users\zyt\Documents\GitHub Repositories\codeclf\testfile.py,248,tuple_list = code_item,0,0,,"{'name': '8_2', 'severity': '', 'inspection_name': '8_2', 'attribute_key': ''}","{'TYPE': '', 'FQNAME': ''}",Do not use comment lines to make the code invalid.
C:\Users\zyt\Documents\GitHub Repositories\codeclf\testfile.py,249,sharps = [x.get('highlighted_element') for x in tuple_list],0,0,,"{'name': '8_2', 'severity': '', 'inspection_name': '8_2', 'attribute_key': ''}","{'TYPE': '', 'FQNAME': ''}",Do not use comment lines to make the code invalid.
C:\Users\zyt\Documents\GitHub Repositories\codeclf\testfile.py,250,"sharp_inputs, sharp_inputs_index = self.fromTextToCharacterInputAndIndex(sharps)",0,0,,"{'name': '8_2', 'severity': '', 'inspection_name': '8_2', 'attribute_key': ''}","{'TYPE': '', 'FQNAME': ''}",Do not use comment lines to make the code invalid.
C:\Users\zyt\Documents\GitHub Repositories\codeclf\testfile.py,251,predict_label = self.lstm_model_character.predict_classes(sharp_inputs),0,0,,"{'name': '8_2', 'severity': '', 'inspection_name': '8_2', 'attribute_key': ''}","{'TYPE': '', 'FQNAME': ''}",Do not use comment lines to make the code invalid.
C:\Users\zyt\Documents\GitHub Repositories\codeclf\testfile.py,252,"predict_label = (self.lstm_model_character.predict(sharp_inputs) > 0.5).astype(""int32"")",0,0,,"{'name': '8_2', 'severity': '', 'inspection_name': '8_2', 'attribute_key': ''}","{'TYPE': '', 'FQNAME': ''}",Do not use comment lines to make the code invalid.
C:\Users\zyt\Documents\GitHub Repositories\codeclf\testfile.py,253,code_item = [],0,0,,"{'name': '8_2', 'severity': '', 'inspection_name': '8_2', 'attribute_key': ''}","{'TYPE': '', 'FQNAME': ''}",Do not use comment lines to make the code invalid.
C:\Users\zyt\Documents\GitHub Repositories\codeclf\testfile.py,255,for lineno in np.asarray(sharp_inputs_index)[tuple(mask)]:,0,0,,"{'name': '8_2', 'severity': '', 'inspection_name': '8_2', 'attribute_key': ''}","{'TYPE': '', 'FQNAME': ''}",Do not use comment lines to make the code invalid.
C:\Users\zyt\Documents\GitHub Repositories\codeclf\testfile.py,256,code_item.append(tuple_list[lineno]),0,0,,"{'name': '8_2', 'severity': '', 'inspection_name': '8_2', 'attribute_key': ''}","{'TYPE': '', 'FQNAME': ''}",Do not use comment lines to make the code invalid.
C:\Users\zyt\Documents\GitHub Repositories\codeclf\testfile.py,257,if len(code_item) <= 0:,0,0,,"{'name': '8_2', 'severity': '', 'inspection_name': '8_2', 'attribute_key': ''}","{'TYPE': '', 'FQNAME': ''}",Do not use comment lines to make the code invalid.
C:\Users\zyt\Documents\GitHub Repositories\codeclf\testfile.py,258,"print(""3:no text"")",0,0,,"{'name': '8_2', 'severity': '', 'inspection_name': '8_2', 'attribute_key': ''}","{'TYPE': '', 'FQNAME': ''}",Do not use comment lines to make the code invalid.
C:\Users\zyt\Documents\GitHub Repositories\codeclf\testfile.py,262,self.dump_res(code_item),0,0,,"{'name': '8_2', 'severity': '', 'inspection_name': '8_2', 'attribute_key': ''}","{'TYPE': '', 'FQNAME': ''}",Do not use comment lines to make the code invalid.
C:\Users\zyt\Documents\GitHub Repositories\codeclf\testfile.py,265,"def dump_res(self, tuple_list):",0,0,,"{'name': '8_2', 'severity': '', 'inspection_name': '8_2', 'attribute_key': ''}","{'TYPE': '', 'FQNAME': ''}",Do not use comment lines to make the code invalid.
C:\Users\zyt\Documents\GitHub Repositories\codeclf\testfile.py,267,for dic in tuple_list:,0,0,,"{'name': '8_2', 'severity': '', 'inspection_name': '8_2', 'attribute_key': ''}","{'TYPE': '', 'FQNAME': ''}",Do not use comment lines to make the code invalid.
C:\Users\zyt\Documents\GitHub Repositories\codeclf\testfile.py,268,dic['offset'] = 0,0,0,,"{'name': '8_2', 'severity': '', 'inspection_name': '8_2', 'attribute_key': ''}","{'TYPE': '', 'FQNAME': ''}",Do not use comment lines to make the code invalid.
C:\Users\zyt\Documents\GitHub Repositories\codeclf\testfile.py,269,dic['length'] = 0,0,0,,"{'name': '8_2', 'severity': '', 'inspection_name': '8_2', 'attribute_key': ''}","{'TYPE': '', 'FQNAME': ''}",Do not use comment lines to make the code invalid.
C:\Users\zyt\Documents\GitHub Repositories\codeclf\testfile.py,270,dic['module'] = '',0,0,,"{'name': '8_2', 'severity': '', 'inspection_name': '8_2', 'attribute_key': ''}","{'TYPE': '', 'FQNAME': ''}",Do not use comment lines to make the code invalid.
C:\Users\zyt\Documents\GitHub Repositories\codeclf\testfile.py,271,dic['problem_class'] = {,0,0,,"{'name': '8_2', 'severity': '', 'inspection_name': '8_2', 'attribute_key': ''}","{'TYPE': '', 'FQNAME': ''}",Do not use comment lines to make the code invalid.
C:\Users\zyt\Documents\GitHub Repositories\codeclf\testfile.py,275,'attribute_key': '',0,0,,"{'name': '8_2', 'severity': '', 'inspection_name': '8_2', 'attribute_key': ''}","{'TYPE': '', 'FQNAME': ''}",Do not use comment lines to make the code invalid.
C:\Users\zyt\Documents\GitHub Repositories\codeclf\testfile.py,277,dic['entry_point'] = {,0,0,,"{'name': '8_2', 'severity': '', 'inspection_name': '8_2', 'attribute_key': ''}","{'TYPE': '', 'FQNAME': ''}",Do not use comment lines to make the code invalid.
C:\Users\zyt\Documents\GitHub Repositories\codeclf\testfile.py,278,"'TYPE': '',",0,0,,"{'name': '8_2', 'severity': '', 'inspection_name': '8_2', 'attribute_key': ''}","{'TYPE': '', 'FQNAME': ''}",Do not use comment lines to make the code invalid.
C:\Users\zyt\Documents\GitHub Repositories\codeclf\testfile.py,281,dic['description'] = 'Do not use comment lines to make the code invalid.',0,0,,"{'name': '8_2', 'severity': '', 'inspection_name': '8_2', 'attribute_key': ''}","{'TYPE': '', 'FQNAME': ''}",Do not use comment lines to make the code invalid.
C:\Users\zyt\Documents\GitHub Repositories\codeclf\testfile.py,282,"with open(os.path.join(self.outfile, 'code_warning.json'), 'w') as f:",0,0,,"{'name': '8_2', 'severity': '', 'inspection_name': '8_2', 'attribute_key': ''}","{'TYPE': '', 'FQNAME': ''}",Do not use comment lines to make the code invalid.
C:\Users\zyt\Documents\GitHub Repositories\codeclf\testfile.py,283,"json.dump(tuple_list, f)",0,0,,"{'name': '8_2', 'severity': '', 'inspection_name': '8_2', 'attribute_key': ''}","{'TYPE': '', 'FQNAME': ''}",Do not use comment lines to make the code invalid.
C:\Users\zyt\Documents\GitHub Repositories\codeclf\testfile.py,286,def main():,0,0,,"{'name': '8_2', 'severity': '', 'inspection_name': '8_2', 'attribute_key': ''}","{'TYPE': '', 'FQNAME': ''}",Do not use comment lines to make the code invalid.
C:\Users\zyt\Documents\GitHub Repositories\codeclf\testfile.py,287,parser = argparse.ArgumentParser(description='Check if pyfile contains psudo-docstring.'),0,0,,"{'name': '8_2', 'severity': '', 'inspection_name': '8_2', 'attribute_key': ''}","{'TYPE': '', 'FQNAME': ''}",Do not use comment lines to make the code invalid.
C:\Users\zyt\Documents\GitHub Repositories\codeclf\testfile.py,289,"parser.add_argument(dest='root_path', metavar='root_path',",0,0,,"{'name': '8_2', 'severity': '', 'inspection_name': '8_2', 'attribute_key': ''}","{'TYPE': '', 'FQNAME': ''}",Do not use comment lines to make the code invalid.
C:\Users\zyt\Documents\GitHub Repositories\codeclf\testfile.py,290,help='Check project root path'),0,0,,"{'name': '8_2', 'severity': '', 'inspection_name': '8_2', 'attribute_key': ''}","{'TYPE': '', 'FQNAME': ''}",Do not use comment lines to make the code invalid.
C:\Users\zyt\Documents\GitHub Repositories\codeclf\testfile.py,292,"parser.add_argument('-mc', '--model_charactor_path',",0,0,,"{'name': '8_2', 'severity': '', 'inspection_name': '8_2', 'attribute_key': ''}","{'TYPE': '', 'FQNAME': ''}",Do not use comment lines to make the code invalid.
C:\Users\zyt\Documents\GitHub Repositories\codeclf\testfile.py,293,"metavar='model_charactor_path',",0,0,,"{'name': '8_2', 'severity': '', 'inspection_name': '8_2', 'attribute_key': ''}","{'TYPE': '', 'FQNAME': ''}",Do not use comment lines to make the code invalid.
C:\Users\zyt\Documents\GitHub Repositories\codeclf\testfile.py,294,"default='models/mc.hdf5',",0,0,,"{'name': '8_2', 'severity': '', 'inspection_name': '8_2', 'attribute_key': ''}","{'TYPE': '', 'FQNAME': ''}",Do not use comment lines to make the code invalid.
C:\Users\zyt\Documents\GitHub Repositories\codeclf\testfile.py,295,"dest='model_charactor_path',",0,0,,"{'name': '8_2', 'severity': '', 'inspection_name': '8_2', 'attribute_key': ''}","{'TYPE': '', 'FQNAME': ''}",Do not use comment lines to make the code invalid.
C:\Users\zyt\Documents\GitHub Repositories\codeclf\testfile.py,296,help='charactor based model path'),0,0,,"{'name': '8_2', 'severity': '', 'inspection_name': '8_2', 'attribute_key': ''}","{'TYPE': '', 'FQNAME': ''}",Do not use comment lines to make the code invalid.
C:\Users\zyt\Documents\GitHub Repositories\codeclf\testfile.py,298,"parser.add_argument('-mt', '--model_token_path',",0,0,,"{'name': '8_2', 'severity': '', 'inspection_name': '8_2', 'attribute_key': ''}","{'TYPE': '', 'FQNAME': ''}",Do not use comment lines to make the code invalid.
C:\Users\zyt\Documents\GitHub Repositories\codeclf\testfile.py,299,"metavar='model_token_path',",0,0,,"{'name': '8_2', 'severity': '', 'inspection_name': '8_2', 'attribute_key': ''}","{'TYPE': '', 'FQNAME': ''}",Do not use comment lines to make the code invalid.
C:\Users\zyt\Documents\GitHub Repositories\codeclf\testfile.py,300,"default='models/mt_20000.hdf5',",0,0,,"{'name': '8_2', 'severity': '', 'inspection_name': '8_2', 'attribute_key': ''}","{'TYPE': '', 'FQNAME': ''}",Do not use comment lines to make the code invalid.
C:\Users\zyt\Documents\GitHub Repositories\codeclf\testfile.py,301,"dest='model_token_path',",0,0,,"{'name': '8_2', 'severity': '', 'inspection_name': '8_2', 'attribute_key': ''}","{'TYPE': '', 'FQNAME': ''}",Do not use comment lines to make the code invalid.
C:\Users\zyt\Documents\GitHub Repositories\codeclf\testfile.py,302,help='token based model path'),0,0,,"{'name': '8_2', 'severity': '', 'inspection_name': '8_2', 'attribute_key': ''}","{'TYPE': '', 'FQNAME': ''}",Do not use comment lines to make the code invalid.
C:\Users\zyt\Documents\GitHub Repositories\codeclf\testfile.py,304,"parser.add_argument('-v', '--vocab',",0,0,,"{'name': '8_2', 'severity': '', 'inspection_name': '8_2', 'attribute_key': ''}","{'TYPE': '', 'FQNAME': ''}",Do not use comment lines to make the code invalid.
C:\Users\zyt\Documents\GitHub Repositories\codeclf\testfile.py,305,"metavar='vocab_path',",0,0,,"{'name': '8_2', 'severity': '', 'inspection_name': '8_2', 'attribute_key': ''}","{'TYPE': '', 'FQNAME': ''}",Do not use comment lines to make the code invalid.
C:\Users\zyt\Documents\GitHub Repositories\codeclf\testfile.py,306,"default='vocabs/vocab_20000.txt',",0,0,,"{'name': '8_2', 'severity': '', 'inspection_name': '8_2', 'attribute_key': ''}","{'TYPE': '', 'FQNAME': ''}",Do not use comment lines to make the code invalid.
C:\Users\zyt\Documents\GitHub Repositories\codeclf\testfile.py,307,"dest='vocab_path',",0,0,,"{'name': '8_2', 'severity': '', 'inspection_name': '8_2', 'attribute_key': ''}","{'TYPE': '', 'FQNAME': ''}",Do not use comment lines to make the code invalid.
C:\Users\zyt\Documents\GitHub Repositories\codeclf\testfile.py,308,help='token vocabulary path'),0,0,,"{'name': '8_2', 'severity': '', 'inspection_name': '8_2', 'attribute_key': ''}","{'TYPE': '', 'FQNAME': ''}",Do not use comment lines to make the code invalid.
C:\Users\zyt\Documents\GitHub Repositories\codeclf\testfile.py,310,"parser.add_argument('-o', dest='outfile',",0,0,,"{'name': '8_2', 'severity': '', 'inspection_name': '8_2', 'attribute_key': ''}","{'TYPE': '', 'FQNAME': ''}",Do not use comment lines to make the code invalid.
C:\Users\zyt\Documents\GitHub Repositories\codeclf\testfile.py,311,"default='results',",0,0,,"{'name': '8_2', 'severity': '', 'inspection_name': '8_2', 'attribute_key': ''}","{'TYPE': '', 'FQNAME': ''}",Do not use comment lines to make the code invalid.
C:\Users\zyt\Documents\GitHub Repositories\codeclf\testfile.py,312,help='output file path'),0,0,,"{'name': '8_2', 'severity': '', 'inspection_name': '8_2', 'attribute_key': ''}","{'TYPE': '', 'FQNAME': ''}",Do not use comment lines to make the code invalid.
C:\Users\zyt\Documents\GitHub Repositories\codeclf\testfile.py,314,"parser.add_argument('--ast', dest='use_ast',",0,0,,"{'name': '8_2', 'severity': '', 'inspection_name': '8_2', 'attribute_key': ''}","{'TYPE': '', 'FQNAME': ''}",Do not use comment lines to make the code invalid.
C:\Users\zyt\Documents\GitHub Repositories\codeclf\testfile.py,315,"choices={'yes', 'no'}, default='yes',",0,0,,"{'name': '8_2', 'severity': '', 'inspection_name': '8_2', 'attribute_key': ''}","{'TYPE': '', 'FQNAME': ''}",Do not use comment lines to make the code invalid.
C:\Users\zyt\Documents\GitHub Repositories\codeclf\testfile.py,316,help='whether use ast'),0,0,,"{'name': '8_2', 'severity': '', 'inspection_name': '8_2', 'attribute_key': ''}","{'TYPE': '', 'FQNAME': ''}",Do not use comment lines to make the code invalid.
C:\Users\zyt\Documents\GitHub Repositories\codeclf\testfile.py,318,args = parser.parse_args(),0,0,,"{'name': '8_2', 'severity': '', 'inspection_name': '8_2', 'attribute_key': ''}","{'TYPE': '', 'FQNAME': ''}",Do not use comment lines to make the code invalid.
C:\Users\zyt\Documents\GitHub Repositories\codeclf\testfile.py,320,"args = {'root_path': args.root_path,",0,0,,"{'name': '8_2', 'severity': '', 'inspection_name': '8_2', 'attribute_key': ''}","{'TYPE': '', 'FQNAME': ''}",Do not use comment lines to make the code invalid.
C:\Users\zyt\Documents\GitHub Repositories\codeclf\testfile.py,321,"'model_charactor_path': args.model_charactor_path,",0,0,,"{'name': '8_2', 'severity': '', 'inspection_name': '8_2', 'attribute_key': ''}","{'TYPE': '', 'FQNAME': ''}",Do not use comment lines to make the code invalid.
C:\Users\zyt\Documents\GitHub Repositories\codeclf\testfile.py,322,"'model_token_path': args.model_token_path,",0,0,,"{'name': '8_2', 'severity': '', 'inspection_name': '8_2', 'attribute_key': ''}","{'TYPE': '', 'FQNAME': ''}",Do not use comment lines to make the code invalid.
C:\Users\zyt\Documents\GitHub Repositories\codeclf\testfile.py,323,"'vocab_path': args.vocab_path,",0,0,,"{'name': '8_2', 'severity': '', 'inspection_name': '8_2', 'attribute_key': ''}","{'TYPE': '', 'FQNAME': ''}",Do not use comment lines to make the code invalid.
C:\Users\zyt\Documents\GitHub Repositories\codeclf\testfile.py,324,"'outfile': args.outfile,",0,0,,"{'name': '8_2', 'severity': '', 'inspection_name': '8_2', 'attribute_key': ''}","{'TYPE': '', 'FQNAME': ''}",Do not use comment lines to make the code invalid.
C:\Users\zyt\Documents\GitHub Repositories\codeclf\testfile.py,325,'use_ast': args.use_ast},0,0,,"{'name': '8_2', 'severity': '', 'inspection_name': '8_2', 'attribute_key': ''}","{'TYPE': '', 'FQNAME': ''}",Do not use comment lines to make the code invalid.
C:\Users\zyt\Documents\GitHub Repositories\codeclf\testfile.py,327,classifier = Classifier(**args),0,0,,"{'name': '8_2', 'severity': '', 'inspection_name': '8_2', 'attribute_key': ''}","{'TYPE': '', 'FQNAME': ''}",Do not use comment lines to make the code invalid.
C:\Users\zyt\Documents\GitHub Repositories\codeclf\testfile.py,328,classifier.classify(),0,0,,"{'name': '8_2', 'severity': '', 'inspection_name': '8_2', 'attribute_key': ''}","{'TYPE': '', 'FQNAME': ''}",Do not use comment lines to make the code invalid.
